{"version":"0.4","title":"Elementor Advanced Slider with Card Carousel- responsive","type":"container","content":[{"id":"281f5cd9","settings":{"flex_direction":"row","flex_gap":{"unit":"px","size":0},"content_width":"full","min_height":{"unit":"vh","size":100,"sizes":[]},"min_height_tablet":{"unit":"vh","size":"","sizes":[]},"min_height_mobile":{"unit":"vh","size":0,"sizes":[]},"background_background":"slideshow","background_color":"#000000","css_classes":"as-slider","hover_parallax":[{"layer_position_vr":{"unit":"%","size":30},"layer_position_hr":{"unit":"%","size":40},"_id":"1f8b0fb"},{"layer_position_vr":{"unit":"%","size":60},"layer_position_hr":{"unit":"%","size":20},"_id":"8f28ce1"}],"flex_justify_content_tablet":"center","flex_align_items_tablet":"center","overflow":"hidden","background_slideshow_gallery":[{"id":"","url":"[uc_local]x-wen-KAgGjw4HgNY-unsplash.jpg"},{"id":"","url":"[uc_local]pawel-czerwinski-vI5XwPbGvmY-unsplash.jpg"},{"id":"","url":"[uc_local]codioful-formerly-gradienta-rKv4HduvzIE-unsplash.jpg"},{"id":"","url":"[uc_local]codioful-formerly-gradienta-LeG68PrXA6Y-unsplash.jpg"},{"id":"","url":"[uc_local]lucas-kapla-wQLAGv4_OYs-unsplash-scaled.jpg"}],"background_slideshow_loop":"","background_overlay_background":"gradient","background_overlay_color":"#FFFFFF","background_overlay_color_b":"#000000","background_overlay_gradient_angle":{"unit":"deg","size":204,"sizes":[]},"background_overlay_opacity":{"unit":"px","size":0.40000000000000002,"sizes":[]},"custom_css":"selector{\r\n    background: #fff;\r\n    --background-speed: 0.5s;\r\n}\r\nselector .elementor-background-slideshow{\r\n    display: none;\r\n}\r\nselector .as-slider-background,\r\nselector .as-slider-background img{\r\n    position: absolute;\r\n    top: 0;\r\n    left: 0;\r\n    width: 100%;\r\n    height: 100%;\r\n    transition: all 1s ease-in-out;\r\n}\r\nselector .as-slider-background img{\r\n    object-fit: cover;\r\n    opacity: 0;\r\n    transform: scale(1.1);\r\n}\r\nselector .as-slider-background img.prev,\r\nselector .as-slider-background img.currentBackward,\r\nselector .as-slider-background img.currentForward{\r\n    opacity: 1;\r\n    transform: scale(1.1);\r\n}\r\n\r\nselector .as-slider-background img.currentBackward,\r\nselector .as-slider-background img.currentForward{\r\n    z-index: 1;\r\n    opacity: 1;\r\n    animation: bgNext var(--background-speed) linear;\r\n    transition: all 1s ease-in-out;\r\n    transform: scale(1);\r\n}\r\n\r\nselector:before{\r\n    z-index: 2;\r\n}\r\nselector > .elementor-element{\r\n    z-index: 3;\r\n}\r\n\r\nselector .as-bar,\r\nselector .as-slider-left,\r\nselector .as-slider-right{\r\n    opacity: 0;\r\n    transition: all 0.8s ease-in-out;\r\n}\r\nselector.loaded .as-bar,\r\nselector.loaded .as-slider-left,\r\nselector.loaded .as-slider-right{\r\n    opacity: 1;\r\n}\r\n\/*selector .ds-slider-left a:focus,*\/\r\n\/*selector .ds-slider-right a:focus{*\/\r\n\/*    outline: none !important;*\/\r\n\/*}*\/\r\n\r\n@keyframes bgNext {\r\n  0%   {opacity: 0; transform: scale(1.1);}\r\n  100%   {opacity: 1; transform: scale(1);}\r\n}\r\n\r\n@media (min-width: 768px){\r\nselector .as-bar,\r\nselector .as-slider-left,\r\nselector .as-slider-right{\r\n    position: relative;\r\n}\r\n}\r\n\r\n@media (max-width: 1380px) and (min-width: 768px){\r\nselector{\r\n    padding-left: 4%;\r\n    padding-right: 4%;\r\n}\r\n}\r\n\r\n@media (max-width: 767px){\r\nselector .as-slider-left{\r\n    left: calc(50% - 300px\/2) !important;\r\n}\r\nselector .as-slider-right{\r\n    right: calc(50% - 300px\/2) !important;\r\n}\r\n}\r\n\r\n@media (max-width: 1750px) and (min-width: 1381px){\r\nselector{\r\n    padding-left: 8%;\r\n    padding-right: 12%;\r\n}\r\n}\r\n@media (max-width: 1380px) and (min-width: 768px){\r\nselector{\r\n    padding-left: 0.5%;\r\n    padding-right: 5.5%;\r\n}\r\n}","padding_mobile":{"unit":"px","top":"60","right":"30","bottom":"90","left":"30","isLinked":false}},"elements":[{"id":"2271b47c","settings":{"flex_direction":"row","content_width":"full","width":{"unit":"%","size":"50"},"hover_parallax":[{"layer_position_vr":{"unit":"%","size":30},"layer_position_hr":{"unit":"%","size":40},"_id":"6a8dffe"},{"layer_position_vr":{"unit":"%","size":60},"layer_position_hr":{"unit":"%","size":20},"_id":"7600d21"}],"width_tablet":{"unit":"%","size":65,"sizes":[]},"width_mobile":{"unit":"%","size":"","sizes":[]},"flex_direction_mobile":"row","flex_align_items":"center"},"elements":[{"id":"4ef28f7d","settings":{"content_width":"full","width":{"unit":"px","size":30,"sizes":[]},"hover_parallax":[{"layer_position_vr":{"unit":"%","size":30},"layer_position_hr":{"unit":"%","size":40},"_id":"394ccfd"},{"layer_position_vr":{"unit":"%","size":60},"layer_position_hr":{"unit":"%","size":20},"_id":"aa9085e"}],"min_height":{"unit":"px","size":600,"sizes":[]},"min_height_tablet":{"unit":"px","size":500,"sizes":[]},"flex_justify_content":"space-between","flex_align_items":"center","css_classes":"as-bar","custom_css":"selector{\r\n    --dot-size: 23px;\r\n    --line-color: #B0B7D04D;\r\n    --dot-color: #942FFF;\r\n    --dot-color-active: #7B24D7;\r\n    color: #fff;\r\n    font-size: 13px;\r\n    font-weight: bold;\r\n}\r\nselector{\r\n    height: 80vh;\r\n    height: var(--min-height);\r\n    max-height: 80vh;\r\n    min-height: 0 !important;\r\n}\r\nselector .dot{\r\n    height: var(--dot-size);\r\n    width: var(--dot-size);\r\n    background: var(--dot-color);\r\n    border-radius: 100%;\r\n    display: flex;\r\n    align-items: center;\r\n    justify-content: center;\r\n    position: relative;\r\n    transform: scale(0.3);\r\n    transition: all 0.3s ease-in-out;\r\n    cursor: pointer;\r\n}\r\nselector .dot-number{\r\n    opacity: 0;\r\n    transition: all 0.3s ease-in-out;\r\n}\r\nselector .dot.active{\r\n    transform: scale(1);\r\n    background: var(--dot-color-active);\r\n}\r\nselector .dot.active .dot-number{\r\n    opacity: 1;\r\n}\r\nselector:before{\r\n    content: \"\";\r\n    position: absolute;\r\n    top: 50%;\r\n    height: calc(100% - 20px);\r\n    max-height: 90vh;\r\n    width: 1px;\r\n    background: var(--line-color);\r\n    left: 50%;\r\n    transform: translateX(-50%) translateY(-50%);\r\n}\r\n\r\n@media (max-width: 767px){\r\nselector{\r\n    transform: translateX(-50%);\r\n    flex-wrap: nowrap !important;\r\n}\r\nselector:before {\r\n    width: calc(100% - 20px);\r\n    height: 1px;\r\n\r\n}\r\n}","width_mobile":{"unit":"px","size":230,"sizes":[]},"min_height_mobile":{"unit":"px","size":30,"sizes":[]},"flex_direction_mobile":"row","position":"absolute","_offset_x_mobile":{"unit":"%","size":50,"sizes":[]},"_offset_orientation_v":"end","_offset_y_end_mobile":{"unit":"px","size":-175,"sizes":[]}},"elements":[],"isInner":false,"elType":"container"},{"id":"5d076a30","settings":{"padding":{"unit":"%","top":"0","right":"15","bottom":"0","left":"15","isLinked":false},"padding_tablet":{"unit":"%","top":"","right":"","bottom":"","left":"","isLinked":true},"padding_mobile":{"unit":"%","top":"0","right":"0","bottom":"10","left":"0","isLinked":false},"hover_parallax":[{"layer_position_vr":{"unit":"%","size":30},"layer_position_hr":{"unit":"%","size":40},"_id":"b3b8fdc"},{"layer_position_vr":{"unit":"%","size":60},"layer_position_hr":{"unit":"%","size":20},"_id":"f519a47"}]},"elements":[{"id":"3ab2d44a","settings":{"padding_tablet":{"unit":"px","top":"0","right":"0","bottom":"0","left":"0","isLinked":false},"padding_mobile":{"unit":"px","top":"0","right":"0","bottom":"0","left":"0","isLinked":false},"css_classes":"as-changing-widget","hover_parallax":[{"layer_position_vr":{"unit":"%","size":30},"layer_position_hr":{"unit":"%","size":40},"_id":"c933607"},{"layer_position_vr":{"unit":"%","size":60},"layer_position_hr":{"unit":"%","size":20},"_id":"1d74b23"}],"custom_css":"selector{\r\n    --speed: 0.8s;\r\n    --gap: 40px;\r\n}\r\nselector{\r\n    transition: all 0.3s ease-in-out;\r\n    height: var(--h);\r\n    --height: calc(var(--h) + var(--gap));\r\n}\r\nselector .elementor-widget{\r\n    position: absolute;\r\n    top: 50%;\r\n    transform: translateY(-50%);\r\n}\r\nselector .elementor-widget .elementor-widget-container{\r\n    transform: translateY(calc(-10 * var(--height)));\r\n}\r\nselector .elementor-widget.prev .elementor-widget-container{\r\n    animation: prev var(--speed) ease-in-out;\r\n    transform: translateY(calc(-1 * var(--height)));\r\n}\r\nselector .elementor-widget.next .elementor-widget-container{\r\n    animation: next var(--speed) ease-in-out;\r\n    transform: translateY(var(--height));\r\n}\r\nselector .elementor-widget.currentUp,\r\nselector .elementor-widget.currentDown{\r\n    z-index: 1;\r\n}\r\nselector .elementor-widget.currentUp .elementor-widget-container{\r\n    animation: currentUp var(--speed) ease-in-out;\r\n    transform: translateY(0);\r\n}\r\nselector .elementor-widget.currentDown .elementor-widget-container{\r\n    animation: currentDown var(--speed) ease-in-out;\r\n    transform: translateY(0);\r\n}\r\n\r\n@keyframes prev {\r\n  0%   {transform: translateY(0);}\r\n  100%   {transform: translateY(calc(-1 * var(--height)));}\r\n}\r\n\r\n@keyframes next {\r\n  0%   {transform: translateY(0);}\r\n  100%   {transform: translateY(var(--height));}\r\n}\r\n\r\n@keyframes currentUp {\r\n  0%   {transform: translateY(var(--height));}\r\n  100%   {transform: translateY(0);}\r\n}\r\n\r\n@keyframes currentDown {\r\n  0%   {transform: translateY(calc(-1 * var(--height)));}\r\n  100%   {transform: translateY(0);}\r\n}","overflow":"hidden"},"elements":[{"id":"56fe90a8","settings":{"title":"Heading Title 1","title_color":"#FFFFFF","typography_typography":"custom","typography_font_family":"DM Sans","typography_font_size":{"unit":"px","size":46,"sizes":[]},"typography_font_size_tablet":{"unit":"px","size":25,"sizes":[]},"typography_font_size_mobile":{"unit":"px","size":30,"sizes":[]},"typography_font_weight":"600","typography_line_height":{"unit":"em","size":1.1499999999999999,"sizes":[]}},"elements":[],"isInner":false,"widgetType":"heading","elType":"widget"},{"id":"799873a4","settings":{"title":"Heading Title 2","title_color":"#FFFFFF","typography_typography":"custom","typography_font_family":"DM Sans","typography_font_size":{"unit":"px","size":46,"sizes":[]},"typography_font_size_tablet":{"unit":"px","size":25,"sizes":[]},"typography_font_size_mobile":{"unit":"px","size":22,"sizes":[]},"typography_font_weight":"600","typography_line_height":{"unit":"em","size":1.1499999999999999,"sizes":[]}},"elements":[],"isInner":false,"widgetType":"heading","elType":"widget"},{"id":"4a126b9a","settings":{"title":"Heading Title 3","title_color":"#FFFFFF","typography_typography":"custom","typography_font_family":"DM Sans","typography_font_size":{"unit":"px","size":46,"sizes":[]},"typography_font_size_tablet":{"unit":"px","size":25,"sizes":[]},"typography_font_size_mobile":{"unit":"px","size":22,"sizes":[]},"typography_font_weight":"600","typography_line_height":{"unit":"em","size":1.1499999999999999,"sizes":[]}},"elements":[],"isInner":false,"widgetType":"heading","elType":"widget"},{"id":"7bfe5b1d","settings":{"title":"Heading Title 4","title_color":"#FFFFFF","typography_typography":"custom","typography_font_family":"DM Sans","typography_font_size":{"unit":"px","size":46,"sizes":[]},"typography_font_size_tablet":{"unit":"px","size":25,"sizes":[]},"typography_font_size_mobile":{"unit":"px","size":22,"sizes":[]},"typography_font_weight":"600","typography_line_height":{"unit":"em","size":1.1499999999999999,"sizes":[]}},"elements":[],"isInner":false,"widgetType":"heading","elType":"widget"},{"id":"5be31e94","settings":{"title":"Heading Title 5","title_color":"#FFFFFF","typography_typography":"custom","typography_font_family":"DM Sans","typography_font_size":{"unit":"px","size":46,"sizes":[]},"typography_font_size_tablet":{"unit":"px","size":25,"sizes":[]},"typography_font_size_mobile":{"unit":"px","size":22,"sizes":[]},"typography_font_weight":"600","typography_line_height":{"unit":"em","size":1.1499999999999999,"sizes":[]}},"elements":[],"isInner":false,"widgetType":"heading","elType":"widget"}],"isInner":false,"elType":"container"},{"id":"39cc543d","settings":{"padding_tablet":{"unit":"px","top":"0","right":"0","bottom":"0","left":"0","isLinked":false},"padding_mobile":{"unit":"px","top":"0","right":"0","bottom":"0","left":"0","isLinked":false},"css_classes":"as-changing-widget","hover_parallax":[{"layer_position_vr":{"unit":"%","size":30},"layer_position_hr":{"unit":"%","size":40},"_id":"c933607"},{"layer_position_vr":{"unit":"%","size":60},"layer_position_hr":{"unit":"%","size":20},"_id":"1d74b23"}],"custom_css":"selector{\r\n    --speed: 0.5s;\r\n    --gap: 40px;\r\n}\r\nselector{\r\n    transition: all 0.3s ease-in-out;\r\n    height: var(--h);\r\n    --height: calc(var(--h) + var(--gap));\r\n}\r\nselector .elementor-widget{\r\n    position: absolute;\r\n    top: 50%;\r\n    transform: translateY(-50%);\r\n}\r\nselector .elementor-widget .elementor-widget-container{\r\n    transform: translateY(calc(-10 * var(--height)));\r\n}\r\nselector .elementor-widget.prev .elementor-widget-container{\r\n    animation: prev var(--speed) ease-in-out;\r\n    transform: translateY(calc(-1 * var(--height)));\r\n}\r\nselector .elementor-widget.next .elementor-widget-container{\r\n    animation: next var(--speed) ease-in-out;\r\n    transform: translateY(var(--height));\r\n}\r\nselector .elementor-widget.currentUp,\r\nselector .elementor-widget.currentDown{\r\n    z-index: 1;\r\n}\r\nselector .elementor-widget.currentUp .elementor-widget-container{\r\n    animation: currentUp var(--speed) ease-in-out;\r\n    transform: translateY(0);\r\n}\r\nselector .elementor-widget.currentDown .elementor-widget-container{\r\n    animation: currentDown var(--speed) ease-in-out;\r\n    transform: translateY(0);\r\n}\r\n\r\n@keyframes prev {\r\n  0%   {transform: translateY(0);}\r\n  100%   {transform: translateY(calc(-1 * var(--height)));}\r\n}\r\n\r\n@keyframes next {\r\n  0%   {transform: translateY(0);}\r\n  100%   {transform: translateY(var(--height));}\r\n}\r\n\r\n@keyframes currentUp {\r\n  0%   {transform: translateY(var(--height));}\r\n  100%   {transform: translateY(0);}\r\n}\r\n\r\n@keyframes currentDown {\r\n  0%   {transform: translateY(calc(-1 * var(--height)));}\r\n  100%   {transform: translateY(0);}\r\n}","overflow":"hidden"},"elements":[{"id":"1c372c50","settings":{"text_color":"#FFFFFF","typography_typography":"custom","typography_font_family":"DM Sans","typography_font_size":{"unit":"px","size":18,"sizes":[]},"typography_font_size_tablet":{"unit":"px","size":14,"sizes":[]},"typography_font_size_mobile":{"unit":"px","size":14,"sizes":[]},"typography_font_weight":"400","text_shadow_text_shadow_type":"yes"},"elements":[],"isInner":false,"widgetType":"text-editor","elType":"widget"},{"id":"1ca17be1","settings":{"text_color":"#FFFFFF","typography_typography":"custom","typography_font_family":"DM Sans","typography_font_size":{"unit":"px","size":18,"sizes":[]},"typography_font_size_tablet":{"unit":"px","size":14,"sizes":[]},"typography_font_size_mobile":{"unit":"px","size":14,"sizes":[]},"typography_font_weight":"400","text_shadow_text_shadow_type":"yes"},"elements":[],"isInner":false,"widgetType":"text-editor","elType":"widget"},{"id":"488be383","settings":{"text_color":"#FFFFFF","typography_typography":"custom","typography_font_family":"DM Sans","typography_font_size":{"unit":"px","size":18,"sizes":[]},"typography_font_size_tablet":{"unit":"px","size":14,"sizes":[]},"typography_font_size_mobile":{"unit":"px","size":14,"sizes":[]},"typography_font_weight":"400","text_shadow_text_shadow_type":"yes"},"elements":[],"isInner":false,"widgetType":"text-editor","elType":"widget"},{"id":"7027d323","settings":{"text_color":"#FFFFFF","typography_typography":"custom","typography_font_family":"DM Sans","typography_font_size":{"unit":"px","size":18,"sizes":[]},"typography_font_size_tablet":{"unit":"px","size":14,"sizes":[]},"typography_font_size_mobile":{"unit":"px","size":14,"sizes":[]},"typography_font_weight":"400","text_shadow_text_shadow_type":"yes"},"elements":[],"isInner":false,"widgetType":"text-editor","elType":"widget"},{"id":"69de3577","settings":{"text_color":"#FFFFFF","typography_typography":"custom","typography_font_family":"DM Sans","typography_font_size":{"unit":"px","size":18,"sizes":[]},"typography_font_size_tablet":{"unit":"px","size":14,"sizes":[]},"typography_font_size_mobile":{"unit":"px","size":14,"sizes":[]},"typography_font_weight":"400","text_shadow_text_shadow_type":"yes"},"elements":[],"isInner":false,"widgetType":"text-editor","elType":"widget"}],"isInner":false,"elType":"container"},{"id":"7899df49","settings":{"margin":{"unit":"px","top":"-15","right":"0","bottom":"0","left":"0","isLinked":false},"padding_tablet":{"unit":"px","top":"0","right":"0","bottom":"0","left":"0","isLinked":false},"padding_mobile":{"unit":"px","top":"0","right":"0","bottom":"0","left":"0","isLinked":false},"hover_parallax":[{"layer_position_vr":{"unit":"%","size":30},"layer_position_hr":{"unit":"%","size":40},"_id":"c933607"},{"layer_position_vr":{"unit":"%","size":60},"layer_position_hr":{"unit":"%","size":20},"_id":"1d74b23"}],"overflow":"hidden","css_classes":"as-changing-widget","custom_css":"selector{\r\n    --speed: 0.5s;\r\n    --gap: 40px;\r\n}\r\nselector{\r\n    transition: all 0.3s ease-in-out;\r\n    height: var(--h);\r\n    --height: calc(var(--h) \r\n    + var(--gap));\r\n}\r\nselector .elementor-widget{\r\n    position: absolute;\r\n    top: 50%;\r\n    transform: translateY(-50%);\r\n}\r\nselector .elementor-widget .elementor-widget-container{\r\n    transform: translateY(calc(-10 * var(--height)));\r\n}\r\nselector .elementor-widget.prev .elementor-widget-container{\r\n    animation: prev var(--speed) ease-in-out;\r\n    transform: translateY(calc(-1 * var(--height)));\r\n}\r\nselector .elementor-widget.next .elementor-widget-container{\r\n    animation: next var(--speed) ease-in-out;\r\n    transform: translateY(var(--height));\r\n}\r\nselector .elementor-widget.currentUp,\r\nselector .elementor-widget.currentDown{\r\n    z-index: 1;\r\n}\r\nselector .elementor-widget.currentUp .elementor-widget-container{\r\n    animation: currentUp var(--speed) ease-in-out;\r\n    transform: translateY(0);\r\n}\r\nselector .elementor-widget.currentDown .elementor-widget-container{\r\n    animation: currentDown var(--speed) ease-in-out;\r\n    transform: translateY(0);\r\n}\r\n\r\n@keyframes prev {\r\n  0%   {transform: translateY(0);}\r\n  100%   {transform: translateY(calc(-1 * var(--height)));}\r\n}\r\n\r\n@keyframes next {\r\n  0%   {transform: translateY(0);}\r\n  100%   {transform: translateY(var(--height));}\r\n}\r\n\r\n@keyframes currentUp {\r\n  0%   {transform: translateY(var(--height));}\r\n  100%   {transform: translateY(0);}\r\n}\r\n\r\n@keyframes currentDown {\r\n  0%   {transform: translateY(calc(-1 * var(--height)));}\r\n  100%   {transform: translateY(0);}\r\n}"},"elements":[{"id":"11a36821","settings":{"text":"Explore Now","typography_typography":"custom","typography_font_family":"DM Sans","typography_font_size":{"unit":"px","size":16,"sizes":[]},"typography_font_size_mobile":{"unit":"px","size":14,"sizes":[]},"typography_font_weight":"500","background_color":"#942FFF","border_radius":{"unit":"px","top":"5","right":"5","bottom":"5","left":"5","isLinked":true},"border_radius_tablet":{"unit":"px","top":"5","right":"5","bottom":"5","left":"5","isLinked":true},"border_radius_mobile":{"unit":"px","top":"5","right":"5","bottom":"5","left":"5","isLinked":true},"text_padding":{"unit":"px","top":"15","right":"30","bottom":"15","left":"30","isLinked":false},"button_background_hover_color":"#7B24D7"},"elements":[],"isInner":false,"widgetType":"button","elType":"widget"},{"id":"60b8d422","settings":{"text":"Explore Now","typography_typography":"custom","typography_font_family":"DM Sans","typography_font_size":{"unit":"px","size":16,"sizes":[]},"typography_font_size_mobile":{"unit":"px","size":14,"sizes":[]},"typography_font_weight":"500","background_color":"#942FFF","border_radius":{"unit":"px","top":"5","right":"5","bottom":"5","left":"5","isLinked":true},"border_radius_tablet":{"unit":"px","top":"5","right":"5","bottom":"5","left":"5","isLinked":true},"border_radius_mobile":{"unit":"px","top":"5","right":"5","bottom":"5","left":"5","isLinked":true},"text_padding":{"unit":"px","top":"15","right":"30","bottom":"15","left":"30","isLinked":false},"button_background_hover_color":"#7B24D7"},"elements":[],"isInner":false,"widgetType":"button","elType":"widget"},{"id":"691d7383","settings":{"text":"Explore Now","typography_typography":"custom","typography_font_family":"DM Sans","typography_font_size":{"unit":"px","size":16,"sizes":[]},"typography_font_size_mobile":{"unit":"px","size":14,"sizes":[]},"typography_font_weight":"500","background_color":"#942FFF","border_radius":{"unit":"px","top":"5","right":"5","bottom":"5","left":"5","isLinked":true},"border_radius_tablet":{"unit":"px","top":"5","right":"5","bottom":"5","left":"5","isLinked":true},"border_radius_mobile":{"unit":"px","top":"5","right":"5","bottom":"5","left":"5","isLinked":true},"text_padding":{"unit":"px","top":"15","right":"30","bottom":"15","left":"30","isLinked":false},"button_background_hover_color":"#7B24D7"},"elements":[],"isInner":false,"widgetType":"button","elType":"widget"},{"id":"67fda285","settings":{"text":"Explore Now","typography_typography":"custom","typography_font_family":"DM Sans","typography_font_size":{"unit":"px","size":16,"sizes":[]},"typography_font_size_mobile":{"unit":"px","size":14,"sizes":[]},"typography_font_weight":"500","background_color":"#942FFF","border_radius":{"unit":"px","top":"5","right":"5","bottom":"5","left":"5","isLinked":true},"border_radius_tablet":{"unit":"px","top":"5","right":"5","bottom":"5","left":"5","isLinked":true},"border_radius_mobile":{"unit":"px","top":"5","right":"5","bottom":"5","left":"5","isLinked":true},"text_padding":{"unit":"px","top":"15","right":"30","bottom":"15","left":"30","isLinked":false},"button_background_hover_color":"#7B24D7"},"elements":[],"isInner":false,"widgetType":"button","elType":"widget"},{"id":"2f0534e5","settings":{"text":"Explore Now","typography_typography":"custom","typography_font_family":"DM Sans","typography_font_size":{"unit":"px","size":16,"sizes":[]},"typography_font_size_mobile":{"unit":"px","size":14,"sizes":[]},"typography_font_weight":"500","background_color":"#942FFF","border_radius":{"unit":"px","top":"5","right":"5","bottom":"5","left":"5","isLinked":true},"border_radius_tablet":{"unit":"px","top":"5","right":"5","bottom":"5","left":"5","isLinked":true},"border_radius_mobile":{"unit":"px","top":"5","right":"5","bottom":"5","left":"5","isLinked":true},"text_padding":{"unit":"px","top":"15","right":"30","bottom":"15","left":"30","isLinked":false},"button_background_hover_color":"#7B24D7"},"elements":[],"isInner":false,"widgetType":"button","elType":"widget"}],"isInner":false,"elType":"container"}],"isInner":false,"elType":"container"}],"isInner":false,"elType":"container"},{"id":"6e0d9a86","settings":{"flex_direction":"column","content_width":"full","width":{"unit":"%","size":"50"},"flex_justify_content":"center","hover_parallax":[{"layer_position_vr":{"unit":"%","size":30},"layer_position_hr":{"unit":"%","size":40},"_id":"7338874"},{"layer_position_vr":{"unit":"%","size":60},"layer_position_hr":{"unit":"%","size":20},"_id":"0f63e5b"}],"width_tablet":{"unit":"%","size":35,"sizes":[]},"width_mobile":{"unit":"%","size":"","sizes":[]},"padding_mobile":{"unit":"px","top":"0","right":"0","bottom":"0","left":"0","isLinked":false}},"elements":[{"id":"3f9ec09","settings":{"html":"<script src=\"https:\/\/code.jquery.com\/jquery-3.6.0.min.js\"><\/script>\r\n\r\n<script>\r\n\r\nvar $ = jQuery\r\n    \r\n$(document).ready(function(){\r\n\r\n$('.as-slider').each(function(){\r\n\r\nvar $this = $(this),\r\n    currentSlide = 0,\r\n    previousSlide = 0,\r\n    slideNumber = $this.find('.as-side-slider .swiper-slide:not(.swiper-slide-duplicate)').length,\r\n    barHTML = '',\r\n    forward,\r\n    textContainer = $this.find('.as-changing-widget')\r\n   \r\nfor(var i=0; i<slideNumber;i++){\r\n\r\n    barHTML += `<span class=\"dot\"><span class=\"dot-number\">${i+1}<\/span><\/span>`\r\n}\r\n\r\n$this.find('.as-bar .dot').remove()\r\n$this.find('.as-bar').append(barHTML)\r\n$this.find('.as-bar .dot').eq(0).addClass('active')\r\n    \r\ntextContainer.each(function(){\r\n    var texts = $(this).find('.elementor-widget').eq(0)\r\n    texts.addClass('currentUp')\r\n    $(this).css('--h', texts.height()+'px')\r\n})\r\n\r\nsetTimeout(function(){\r\n    $this.addClass('loaded')\r\n    if($this.find('.as-side-slider .swiper-container-initialized, .as-side-slider .swiper-initialized').length){\r\n        $this.find('.as-side-slider').addClass('loaded')\r\n    }\r\n\r\n    var init = setInterval(function(){\r\n        if($this.find('.as-side-slider .swiper-container-initialized, .as-side-slider .swiper-initialized').length){\r\n\r\n            $this.find('.as-side-slider').addClass('loaded')\r\n            clearInterval(init)\r\n        }\r\n    },50)\r\n}, 500)\r\n\r\nvar bgs = JSON.parse($this.attr('data-settings')).background_slideshow_gallery,\r\n    bgHTML = '<div class=\"as-slider-background\">'\r\n\r\nif(bgs){\r\n    bgs.forEach(function(background){\r\n        bgHTML += `<img src=\"${background.url}\"\/>`\r\n    })\r\n}\r\nbgHTML += '<\/div>'\r\n\r\n$this.find('.as-slider-background').remove()\r\n$this.prepend(bgHTML)\r\n\r\nvar backgrounds = $this.find('.as-slider-background img')\r\n\r\nbackgrounds.eq(0).addClass('currentForward')\r\n\r\nsetInterval(function(){\r\n    currentSlide = $this.find('.as-side-slider .swiper-slide-active').attr('data-swiper-slide-index')\r\n    if(previousSlide != currentSlide) {\r\n\r\n        if( previousSlide < currentSlide ){\r\n            forward = true\r\n        }\r\n        if( previousSlide > currentSlide ){\r\n            forward = false\r\n        }\r\n        if( previousSlide == slideNumber - 1 && currentSlide == 0 ){\r\n            forward = true\r\n        }\r\n        if( previousSlide == 0 && currentSlide == slideNumber - 1 ){\r\n            forward = false\r\n        }\r\n        textContainer.each(function(){\r\n            var texts = $(this).find('.elementor-widget')\r\n            \r\n            $(this).css('--h', texts.eq(currentSlide).height()+'px')\r\n            \r\n            texts.removeClass('prev next currentUp currentDown')\r\n            backgrounds.removeClass('prev currentBackward currentForward')\r\n            \r\n            backgrounds.eq(previousSlide).addClass('prev')\r\n            \r\n            if(forward) {\r\n                texts.eq(previousSlide).addClass('prev')\r\n                texts.eq(currentSlide).addClass('currentUp')\r\n                \r\n                backgrounds.eq(currentSlide).addClass('currentForward')\r\n                \r\n            }else{\r\n                texts.eq(previousSlide).addClass('next')\r\n                texts.eq(currentSlide).addClass('currentDown')\r\n\r\n                backgrounds.eq(currentSlide).addClass('currentBackward')\r\n            }\r\n        })\r\n        \r\n        $this.find('.as-bar .dot').removeClass('active')\r\n        $this.find('.as-bar .dot').eq(currentSlide).addClass('active')\r\n    }\r\n    previousSlide = currentSlide\r\n}, 500)\r\n\r\n$this.find('.as-bar .dot').on('click', function(){\r\n    \r\n    var index = $(this).index()\r\n    \r\n    $this.find('.as-side-slider .swiper-pagination-bullet').eq(index).trigger('click')\r\n    $this.find('.as-side-slider .swiper-container').trigger('mouseleave')\r\n    \r\n})\r\n$this.find('.as-slider-left').on('click', function(){\r\n    \r\n    $this.find('.as-side-slider .elementor-swiper-button-prev').trigger('click')\r\n    $this.find('.as-side-slider .elementor-swiper').trigger('mouseleave')\r\n})\r\n$this.find('.as-slider-right').on('click', function(){\r\n    \r\n    $this.find('.as-side-slider .elementor-swiper-button-next').trigger('click')\r\n    $this.find('.as-side-slider .elementor-swiper').trigger('mouseleave')\r\n})\r\n$this.find('.as-slider-left a, .as-slider-right a').on('click', function(e){\r\n    \r\n    e.preventDefault()\r\n})\r\n\r\n})\r\n})\r\n\r\n$(window).on('resize', function(){\r\n    \r\n    \r\n$('.as-slider').each(function(){\r\n    \r\n    var textContainer = $(this).find('.as-changing-widget')\r\n    \r\n    textContainer.each(function(){\r\n        var texts = $(this).find('.elementor-widget.currentUp, .elementor-widget.currentDown')\r\n    \r\n        $(this).css('--h', texts.height()+'px')\r\n    })\r\n})\r\n})\r\n\r\n<\/script>"},"elements":[],"isInner":false,"widgetType":"html","elType":"widget"},{"id":"6d28790c","settings":{"slides":[{"name":"Heading Title 1","title":"Location","image":{"url":"[uc_local]x-wen-KAgGjw4HgNY-unsplash.jpg","id":"","alt":"","source":"library","size":""},"_id":"a72eaf0"},{"name":"Heading Title 2","title":"Location","image":{"url":"[uc_local]pawel-czerwinski-vI5XwPbGvmY-unsplash.jpg","id":"","alt":"","source":"library","size":""},"_id":"8493527"},{"name":"Heading Title 3","title":"Location","image":{"url":"[uc_local]codioful-formerly-gradienta-rKv4HduvzIE-unsplash.jpg","id":"","alt":"","source":"library","size":""},"_id":"bdc8f49"},{"name":"Heading Title 4","title":"Location","image":{"url":"[uc_local]codioful-formerly-gradienta-LeG68PrXA6Y-unsplash.jpg","id":"","alt":"","source":"library","size":""},"_id":"eac6d5a"},{"name":"Heading Title 5","title":"Location","image":{"url":"[uc_local]lucas-kapla-wQLAGv4_OYs-unsplash-scaled.jpg","id":"","alt":"","source":"library","size":""},"_id":"59c2d61"}],"slides_per_view":"5","width":{"unit":"px","size":1400,"sizes":[]},"autoplay":"","space_between":{"unit":"px","size":30,"sizes":[]},"slide_padding":{"unit":"px","top":"20","right":"20","bottom":"25","left":"20","isLinked":false},"content_color":"#FFFFFF","name_color":"#FFFFFF","name_typography_typography":"custom","name_typography_font_family":"DM Sans","name_typography_font_size":{"unit":"px","size":18,"sizes":[]},"name_typography_font_weight":"600","title_color":"#B4B4B4","title_typography_typography":"custom","title_typography_font_family":"DM Sans","title_typography_font_size":{"unit":"px","size":14,"sizes":[]},"title_typography_font_weight":"400","image_gap":{"unit":"px","size":0,"sizes":[]},"_margin":{"unit":"px","top":"0","right":"0","bottom":"-30","left":"0","isLinked":false},"_css_classes":"as-side-slider","custom_css":"selector{\r\n    --radius: 8px;\r\n    --height: 320px;\r\n    --active-height: 410px;\r\n    --overlay: 0.75;\r\n}\r\nselector{\r\n    opacity: 0;\r\n    transform: translateX(100px);\r\n    transition: all 0.8s ease-in-out;\r\n}\r\nselector.loaded{\r\n    opacity: 1;\r\n    transform: translateX(0);\r\n}\r\n\r\nselector .swiper-wrapper{\r\n    height: var(--active-height);\r\n    align-items: center;\r\n}\r\nselector:not(.loaded) .swiper-wrapper{\r\n    transition-duration: 0s !important;\r\n}\r\nselector .swiper-slide{\r\n    display: flex;\r\n    align-items: flex-end;\r\n    border-radius: var(--radius);\r\n    height: var(--height);\r\n    box-shadow: 0 0 50px rgba(0,0,0,0.15);\r\n}\r\nselector.loaded .swiper-slide{\r\n    transition: all 0.3s ease-in-out 0.2s;\r\n}\r\nselector .swiper-slide.swiper-slide-active{\r\n    height: var(--active-height);\r\n}\r\nselector .swiper-slide:before{\r\n    content: \"\";\r\n    position: absolute;\r\n    top: 0;\r\n    left: 0;\r\n    background: rgb(0,0,0);\r\n    background: linear-gradient(20deg, rgba(0,0,0,var(--overlay)) 0%, rgba(0,0,0,0) 100%);\r\n    height: 100%;\r\n    width: 100%;\r\n    z-index: 1;\r\n}\r\nselector .elementor-testimonial__footer{\r\n    display: block;\r\n}\r\nselector img{\r\n    position: absolute;\r\n    top: 0;\r\n    left: 0;\r\n    width: 100%;\r\n    height: 100%;\r\n    border-radius: var(--radius);\r\n}\r\nselector .elementor-testimonial__cite{\r\n    z-index: 2;\r\n    position: relative;\r\n}\r\nselector .elementor-testimonial__name{\r\n    margin-bottom: 5px;\r\n}\r\nselector .swiper-pagination,\r\nselector .elementor-swiper-button{\r\n    display: none;\r\n}\r\nselector .swiper-container{\r\n    overflow: hidden;\r\n    margin-left: auto;\r\n    margin-right: auto;\r\n}\r\n\r\n@media (max-width: 1024px){\r\nselector{\r\n    --height: 180px;\r\n    --active-height: 250px;\r\n}\r\n}\r\n@media (max-width: 767px){\r\nselector{\r\n    --height: 80px;\r\n    --active-height: 105px;\r\n    width: 100% !important;\r\n    max-width: var(--container-widget-width, 300px) !important;\r\n}\r\nselector .elementor-testimonial__cite{\r\n    opacity: 0;\r\n}\r\n}","slides_per_view_tablet":"3","slides_per_view_mobile":"3","width_tablet":{"unit":"px","size":820,"sizes":[]},"width_mobile":{"unit":"%","size":100,"sizes":[]},"space_between_tablet":{"unit":"px","size":20,"sizes":[]}},"elements":[],"isInner":false,"widgetType":"testimonial-carousel","elType":"widget"},{"id":"6b8e8a0d","settings":{"flex_direction":"row","flex_gap":{"unit":"px","size":15,"sizes":[]},"margin":{"unit":"px","top":"0","right":"0","bottom":"0","left":"0","isLinked":false},"hover_parallax":[{"layer_position_vr":{"unit":"%","size":30},"layer_position_hr":{"unit":"%","size":40},"_id":"4e8a308"},{"layer_position_vr":{"unit":"%","size":60},"layer_position_hr":{"unit":"%","size":20},"_id":"375f0e0"}]},"elements":[{"id":"6cc8e721","settings":{"text":"","selected_icon":{"value":"xlio ion-md-arrow-round-back","library":"ionicons"},"icon_indent":{"unit":"px","size":0,"sizes":[]},"typography_typography":"custom","typography_font_family":"Roboto","typography_font_size":{"unit":"px","size":20,"sizes":[]},"typography_font_weight":"500","button_text_color":"#FFFFFF","background_color":"#942FFF","hover_color":"#FFFFFF","border_radius":{"unit":"px","top":"100","right":"100","bottom":"100","left":"100","isLinked":true},"text_padding":{"unit":"px","top":"12","right":"14","bottom":"12","left":"14","isLinked":false},"_css_classes":"as-slider-left","_position":"absolute","_offset_x_mobile":{"unit":"px","size":0,"sizes":[]},"_offset_y_mobile":{"unit":"px","size":-100,"sizes":[]}},"elements":[],"isInner":false,"widgetType":"button","elType":"widget"},{"id":"6ac4aa85","settings":{"text":"","selected_icon":{"value":"xlio ion-md-arrow-round-forward","library":"ionicons"},"icon_indent":{"unit":"px","size":0,"sizes":[]},"typography_typography":"custom","typography_font_family":"Roboto","typography_font_size":{"unit":"px","size":20,"sizes":[]},"typography_font_weight":"500","button_text_color":"#FFFFFF","background_color":"#942FFF","hover_color":"#FFFFFF","border_radius":{"unit":"px","top":"100","right":"100","bottom":"100","left":"100","isLinked":true},"text_padding":{"unit":"px","top":"12","right":"14","bottom":"12","left":"14","isLinked":false},"_css_classes":"as-slider-right","button_background_hover_color":"#7B24D7","_position":"absolute","_offset_orientation_h":"end","_offset_x_end_mobile":{"unit":"px","size":0,"sizes":[]},"_offset_y_mobile":{"unit":"px","size":-100,"sizes":[]}},"elements":[],"isInner":false,"widgetType":"button","elType":"widget"}],"isInner":false,"elType":"container"}],"isInner":false,"elType":"container"}],"isInner":false,"elType":"container"}]}